Date,currency,strength
6/1/14,BTC-USD,35.81944467
7/1/14,BTC-USD,22.02614385
8/1/14,BTC-USD,23.51190476
9/1/14,BTC-USD,49.04761902
10/1/14,BTC-USD,
11/1/14,BTC-USD,
12/1/14,BTC-USD,
13/1/14,BTC-USD,41.21951239
14/1/14,BTC-USD,16.66666667
15/1/14,BTC-USD,30.37394974
16/1/14,BTC-USD,30.3715846
17/1/14,BTC-USD,38.58880863
18/1/14,BTC-USD,51.85763892
19/1/14,BTC-USD,32.74509821
20/1/14,BTC-USD,
21/1/14,BTC-USD,
22/1/14,BTC-USD,45.12346487
23/1/14,BTC-USD,
24/1/14,BTC-USD,23.68627459
25/1/14,BTC-USD,41.56565676
26/1/14,BTC-USD,
27/1/14,BTC-USD,40.02097467
28/1/14,BTC-USD,
29/1/14,BTC-USD,35.02344878
30/1/14,BTC-USD,16.66666667
31/1/14,BTC-USD,
1/2/14,BTC-USD,
2/2/14,BTC-USD,
3/2/14,BTC-USD,
4/2/14,BTC-USD,
5/2/14,BTC-USD,46.2318845
6/2/14,BTC-USD,41.00558986
7/2/14,BTC-USD,35.41134355
8/2/14,BTC-USD,
9/2/14,BTC-USD,26.47712431
10/2/14,BTC-USD,32.68883487
11/2/14,BTC-USD,39.99991024
12/2/14,BTC-USD,40.80416297
13/2/14,BTC-USD,
14/2/14,BTC-USD,16.66666667
15/2/14,BTC-USD,41.21951239
16/2/14,BTC-USD,
17/2/14,BTC-USD,45.48831565
18/2/14,BTC-USD,40.11785116
19/2/14,BTC-USD,16.66666667
20/2/14,BTC-USD,31.08688319
21/2/14,BTC-USD,32.13095252
22/2/14,BTC-USD,
23/2/14,BTC-USD,42.53968276
24/2/14,BTC-USD,42.66550248
25/2/14,BTC-USD,41.72051454
26/2/14,BTC-USD,37.08487577
27/2/14,BTC-USD,35.72948502
28/2/14,BTC-USD,42.29444477
1/3/14,BTC-USD,16.66666667
2/3/14,BTC-USD,41.21951239
3/3/14,BTC-USD,30.51136364
4/3/14,BTC-USD,
5/3/14,BTC-USD,26.1764707
6/3/14,BTC-USD,34.90958469
7/3/14,BTC-USD,38.46544106
8/3/14,BTC-USD,35.41269848
9/3/14,BTC-USD,32.06849876
10/3/14,BTC-USD,37.5607069
11/3/14,BTC-USD,
12/3/14,BTC-USD,44.14634127
13/3/14,BTC-USD,32.04588436
14/3/14,BTC-USD,42.72014394
15/3/14,BTC-USD,
16/3/14,BTC-USD,
17/3/14,BTC-USD,34.06240134
18/3/14,BTC-USD,27.11368678
19/3/14,BTC-USD,21.42156869
20/3/14,BTC-USD,16.66666667
21/3/14,BTC-USD,44.35606062
22/3/14,BTC-USD,
23/3/14,BTC-USD,48.46704203
24/3/14,BTC-USD,34.57142878
25/3/14,BTC-USD,43.07822178
26/3/14,BTC-USD,32.1692424
27/3/14,BTC-USD,46.2318845
28/3/14,BTC-USD,39.80357172
29/3/14,BTC-USD,16.66666667
30/3/14,BTC-USD,
31/3/14,BTC-USD,
1/4/14,BTC-USD,26.77777791
2/4/14,BTC-USD,33.30108907
3/4/14,BTC-USD,16.66666667
4/4/14,BTC-USD,37.5607069
5/4/14,BTC-USD,49.40236891
6/4/14,BTC-USD,
7/4/14,BTC-USD,
8/4/14,BTC-USD,
9/4/14,BTC-USD,16.66666667
10/4/14,BTC-USD,31.4492753
11/4/14,BTC-USD,35.96205933
12/4/14,BTC-USD,
13/4/14,BTC-USD,
14/4/14,BTC-USD,
15/4/14,BTC-USD,
16/4/14,BTC-USD,32.85714291
17/4/14,BTC-USD,
18/4/14,BTC-USD,
19/4/14,BTC-USD,
20/4/14,BTC-USD,
21/4/14,BTC-USD,41.37254917
22/4/14,BTC-USD,
23/4/14,BTC-USD,
24/4/14,BTC-USD,
25/4/14,BTC-USD,30.35714286
26/4/14,BTC-USD,
27/4/14,BTC-USD,41.21951239
28/4/14,BTC-USD,41.67818024
29/4/14,BTC-USD,35.57903437
30/4/14,BTC-USD,29.11616172
1/5/14,BTC-USD,
2/5/14,BTC-USD,37.96052682
3/5/14,BTC-USD,
4/5/14,BTC-USD,
5/5/14,BTC-USD,
6/5/14,BTC-USD,
7/5/14,BTC-USD,16.66666667
8/5/14,BTC-USD,16.66666667
9/5/14,BTC-USD,
10/5/14,BTC-USD,
11/5/14,BTC-USD,
12/5/14,BTC-USD,
13/5/14,BTC-USD,37.96052682
14/5/14,BTC-USD,46.2318845
15/5/14,BTC-USD,16.66666667
16/5/14,BTC-USD,
17/5/14,BTC-USD,16.66666667
18/5/14,BTC-USD,
19/5/14,BTC-USD,
20/5/14,BTC-USD,49.75711892
21/5/14,BTC-USD,
22/5/14,BTC-USD,
23/5/14,BTC-USD,
24/5/14,BTC-USD,
25/5/14,BTC-USD,
26/5/14,BTC-USD,
27/5/14,BTC-USD,45.85185212
28/5/14,BTC-USD,35.26626566
29/5/14,BTC-USD,37.48975902
30/5/14,BTC-USD,
31/5/14,BTC-USD,
1/6/14,BTC-USD,
2/6/14,BTC-USD,35.15290255
3/6/14,BTC-USD,44.04761905
4/6/14,BTC-USD,
5/6/14,BTC-USD,
6/6/14,BTC-USD,
7/6/14,BTC-USD,
8/6/14,BTC-USD,
9/6/14,BTC-USD,
10/6/14,BTC-USD,
11/6/14,BTC-USD,
12/6/14,BTC-USD,
13/6/14,BTC-USD,
14/6/14,BTC-USD,
15/6/14,BTC-USD,
16/6/14,BTC-USD,37.5607069
17/6/14,BTC-USD,
18/6/14,BTC-USD,42.53968276
19/6/14,BTC-USD,26.77777791
20/6/14,BTC-USD,
21/6/14,BTC-USD,
22/6/14,BTC-USD,45.85185212
23/6/14,BTC-USD,44.04761905
24/6/14,BTC-USD,37.5607069
25/6/14,BTC-USD,16.66666667
26/6/14,BTC-USD,
27/6/14,BTC-USD,
28/6/14,BTC-USD,
29/6/14,BTC-USD,
30/6/14,BTC-USD,21.72222229
1/7/14,BTC-USD,16.66666667
2/7/14,BTC-USD,25.6626985
3/7/14,BTC-USD,
4/7/14,BTC-USD,30.35714286
5/7/14,BTC-USD,
6/7/14,BTC-USD,
7/7/14,BTC-USD,
8/7/14,BTC-USD,
9/7/14,BTC-USD,
10/7/14,BTC-USD,25.61904772
11/7/14,BTC-USD,34.57142878
12/7/14,BTC-USD,
13/7/14,BTC-USD,
14/7/14,BTC-USD,
15/7/14,BTC-USD,
16/7/14,BTC-USD,
17/7/14,BTC-USD,
18/7/14,BTC-USD,41.21951143
19/7/14,BTC-USD,
20/7/14,BTC-USD,
21/7/14,BTC-USD,
22/7/14,BTC-USD,
23/7/14,BTC-USD,29.46078445
24/7/14,BTC-USD,
25/7/14,BTC-USD,
26/7/14,BTC-USD,16.66666667
27/7/14,BTC-USD,
28/7/14,BTC-USD,37.5607069
29/7/14,BTC-USD,
30/7/14,BTC-USD,16.66666667
31/7/14,BTC-USD,28.7969632
1/8/14,BTC-USD,
2/8/14,BTC-USD,
3/8/14,BTC-USD,
4/8/14,BTC-USD,
5/8/14,BTC-USD,
6/8/14,BTC-USD,
7/8/14,BTC-USD,
8/8/14,BTC-USD,
9/8/14,BTC-USD,
10/8/14,BTC-USD,
11/8/14,BTC-USD,
12/8/14,BTC-USD,
13/8/14,BTC-USD,
14/8/14,BTC-USD,
15/8/14,BTC-USD,16.66666667
16/8/14,BTC-USD,
17/8/14,BTC-USD,
18/8/14,BTC-USD,37.96052682
19/8/14,BTC-USD,
20/8/14,BTC-USD,26.77777791
21/8/14,BTC-USD,
22/8/14,BTC-USD,30.67460334
23/8/14,BTC-USD,
24/8/14,BTC-USD,
25/8/14,BTC-USD,
26/8/14,BTC-USD,
27/8/14,BTC-USD,50.95238098
28/8/14,BTC-USD,
29/8/14,BTC-USD,
30/8/14,BTC-USD,16.66666667
31/8/14,BTC-USD,
1/9/14,BTC-USD,41.21951239
2/9/14,BTC-USD,47.87958098
3/9/14,BTC-USD,
4/9/14,BTC-USD,
5/9/14,BTC-USD,
6/9/14,BTC-USD,
7/9/14,BTC-USD,
8/9/14,BTC-USD,27.11368678
9/9/14,BTC-USD,44.43531088
10/9/14,BTC-USD,16.66666667
11/9/14,BTC-USD,
12/9/14,BTC-USD,
13/9/14,BTC-USD,
14/9/14,BTC-USD,
15/9/14,BTC-USD,
16/9/14,BTC-USD,
17/9/14,BTC-USD,
18/9/14,BTC-USD,16.66666667
19/9/14,BTC-USD,
20/9/14,BTC-USD,
21/9/14,BTC-USD,
22/9/14,BTC-USD,35.05115114
23/9/14,BTC-USD,
24/9/14,BTC-USD,
25/9/14,BTC-USD,16.66666667
26/9/14,BTC-USD,41.56565676
27/9/14,BTC-USD,
28/9/14,BTC-USD,50.95238098
29/9/14,BTC-USD,16.66666667
30/9/14,BTC-USD,47.87958098
1/10/14,BTC-USD,
2/10/14,BTC-USD,
3/10/14,BTC-USD,
4/10/14,BTC-USD,
5/10/14,BTC-USD,41.21951143
6/10/14,BTC-USD,16.66666667
7/10/14,BTC-USD,34.68085118
8/10/14,BTC-USD,
9/10/14,BTC-USD,16.66666667
10/10/14,BTC-USD,32.74509738
11/10/14,BTC-USD,
12/10/14,BTC-USD,
13/10/14,BTC-USD,
14/10/14,BTC-USD,
15/10/14,BTC-USD,
16/10/14,BTC-USD,
17/10/14,BTC-USD,
18/10/14,BTC-USD,
19/10/14,BTC-USD,
20/10/14,BTC-USD,
21/10/14,BTC-USD,
22/10/14,BTC-USD,40.79166733
23/10/14,BTC-USD,
24/10/14,BTC-USD,
25/10/14,BTC-USD,
26/10/14,BTC-USD,
27/10/14,BTC-USD,
28/10/14,BTC-USD,
29/10/14,BTC-USD,
30/10/14,BTC-USD,
31/10/14,BTC-USD,
1/11/14,BTC-USD,
2/11/14,BTC-USD,
3/11/14,BTC-USD,
4/11/14,BTC-USD,
5/11/14,BTC-USD,
6/11/14,BTC-USD,
7/11/14,BTC-USD,
8/11/14,BTC-USD,
9/11/14,BTC-USD,
10/11/14,BTC-USD,
11/11/14,BTC-USD,
12/11/14,BTC-USD,
13/11/14,BTC-USD,
14/11/14,BTC-USD,
15/11/14,BTC-USD,
16/11/14,BTC-USD,
17/11/14,BTC-USD,32.74509821
18/11/14,BTC-USD,16.66666667
19/11/14,BTC-USD,
20/11/14,BTC-USD,
21/11/14,BTC-USD,
22/11/14,BTC-USD,
23/11/14,BTC-USD,
24/11/14,BTC-USD,
25/11/14,BTC-USD,
26/11/14,BTC-USD,
27/11/14,BTC-USD,
28/11/14,BTC-USD,
29/11/14,BTC-USD,
30/11/14,BTC-USD,
1/12/14,BTC-USD,
2/12/14,BTC-USD,
3/12/14,BTC-USD,
4/12/14,BTC-USD,49.99999901
5/12/14,BTC-USD,
6/12/14,BTC-USD,
7/12/14,BTC-USD,
8/12/14,BTC-USD,
9/12/14,BTC-USD,
10/12/14,BTC-USD,
11/12/14,BTC-USD,47.87958098
12/12/14,BTC-USD,
13/12/14,BTC-USD,
14/12/14,BTC-USD,
15/12/14,BTC-USD,26.1764707
16/12/14,BTC-USD,33.22384446
17/12/14,BTC-USD,
18/12/14,BTC-USD,65.42857225
19/12/14,BTC-USD,
20/12/14,BTC-USD,
21/12/14,BTC-USD,
22/12/14,BTC-USD,39.39010916
23/12/14,BTC-USD,32.74509738
24/12/14,BTC-USD,
25/12/14,BTC-USD,
26/12/14,BTC-USD,
27/12/14,BTC-USD,
28/12/14,BTC-USD,
29/12/14,BTC-USD,
30/12/14,BTC-USD,16.66666667
6/1/15,BTC-USD,36.06760392
7/1/15,BTC-USD,32.74509821
8/1/15,BTC-USD,
9/1/15,BTC-USD,16.66666667
10/1/15,BTC-USD,
11/1/15,BTC-USD,
12/1/15,BTC-USD,
13/1/15,BTC-USD,32.85714291
14/1/15,BTC-USD,48.10904094
15/1/15,BTC-USD,
16/1/15,BTC-USD,
17/1/15,BTC-USD,
18/1/15,BTC-USD,
19/1/15,BTC-USD,
20/1/15,BTC-USD,41.21951239
21/1/15,BTC-USD,37.5607069
22/1/15,BTC-USD,
23/1/15,BTC-USD,16.66666667
24/1/15,BTC-USD,
25/1/15,BTC-USD,
26/1/15,BTC-USD,29.60317471
27/1/15,BTC-USD,32.74509738
28/1/15,BTC-USD,
29/1/15,BTC-USD,28.96210985
30/1/15,BTC-USD,
31/1/15,BTC-USD,
1/2/15,BTC-USD,
2/2/15,BTC-USD,
3/2/15,BTC-USD,27.11368678
4/2/15,BTC-USD,27.11368678
5/2/15,BTC-USD,30.59602682
6/2/15,BTC-USD,26.1764707
7/2/15,BTC-USD,
8/2/15,BTC-USD,
9/2/15,BTC-USD,
10/2/15,BTC-USD,32.74509821
11/2/15,BTC-USD,41.56565676
12/2/15,BTC-USD,
13/2/15,BTC-USD,
14/2/15,BTC-USD,
15/2/15,BTC-USD,
16/2/15,BTC-USD,
17/2/15,BTC-USD,
18/2/15,BTC-USD,
19/2/15,BTC-USD,24.70588244
20/2/15,BTC-USD,40.80416297
21/2/15,BTC-USD,
22/2/15,BTC-USD,
23/2/15,BTC-USD,
24/2/15,BTC-USD,
25/2/15,BTC-USD,
26/2/15,BTC-USD,
27/2/15,BTC-USD,
28/2/15,BTC-USD,
1/3/15,BTC-USD,
2/3/15,BTC-USD,16.66666667
3/3/15,BTC-USD,
4/3/15,BTC-USD,
5/3/15,BTC-USD,
6/3/15,BTC-USD,
7/3/15,BTC-USD,
8/3/15,BTC-USD,
9/3/15,BTC-USD,
10/3/15,BTC-USD,16.66666667
11/3/15,BTC-USD,
12/3/15,BTC-USD,
13/3/15,BTC-USD,
14/3/15,BTC-USD,
15/3/15,BTC-USD,
16/3/15,BTC-USD,
17/3/15,BTC-USD,34.57142878
18/3/15,BTC-USD,
19/3/15,BTC-USD,
20/3/15,BTC-USD,
21/3/15,BTC-USD,
22/3/15,BTC-USD,
23/3/15,BTC-USD,16.66666667
24/3/15,BTC-USD,41.21951239
25/3/15,BTC-USD,
26/3/15,BTC-USD,
27/3/15,BTC-USD,
28/3/15,BTC-USD,
29/3/15,BTC-USD,
30/3/15,BTC-USD,27.11368678
31/3/15,BTC-USD,37.5607069
1/4/15,BTC-USD,32.74509821
2/4/15,BTC-USD,
3/4/15,BTC-USD,
4/4/15,BTC-USD,
5/4/15,BTC-USD,16.66666667
6/4/15,BTC-USD,
7/4/15,BTC-USD,
8/4/15,BTC-USD,
9/4/15,BTC-USD,
10/4/15,BTC-USD,
11/4/15,BTC-USD,31.59009032
12/4/15,BTC-USD,
13/4/15,BTC-USD,
14/4/15,BTC-USD,
15/4/15,BTC-USD,
16/4/15,BTC-USD,
17/4/15,BTC-USD,
18/4/15,BTC-USD,
19/4/15,BTC-USD,
20/4/15,BTC-USD,
21/4/15,BTC-USD,
22/4/15,BTC-USD,
23/4/15,BTC-USD,
24/4/15,BTC-USD,
25/4/15,BTC-USD,
26/4/15,BTC-USD,
27/4/15,BTC-USD,
28/4/15,BTC-USD,
29/4/15,BTC-USD,
30/4/15,BTC-USD,30.02934706
1/5/15,BTC-USD,
2/5/15,BTC-USD,49.04761915
3/5/15,BTC-USD,32.74509738
4/5/15,BTC-USD,
5/5/15,BTC-USD,
6/5/15,BTC-USD,
7/5/15,BTC-USD,
8/5/15,BTC-USD,
9/5/15,BTC-USD,
10/5/15,BTC-USD,
11/5/15,BTC-USD,16.66666667
12/5/15,BTC-USD,
13/5/15,BTC-USD,
14/5/15,BTC-USD,
15/5/15,BTC-USD,
16/5/15,BTC-USD,34.57142878
17/5/15,BTC-USD,34.57142878
18/5/15,BTC-USD,
19/5/15,BTC-USD,
20/5/15,BTC-USD,
21/5/15,BTC-USD,
22/5/15,BTC-USD,
23/5/15,BTC-USD,
24/5/15,BTC-USD,
25/5/15,BTC-USD,
26/5/15,BTC-USD,
27/5/15,BTC-USD,
28/5/15,BTC-USD,
29/5/15,BTC-USD,
30/5/15,BTC-USD,
31/5/15,BTC-USD,
1/6/15,BTC-USD,
2/6/15,BTC-USD,
3/6/15,BTC-USD,
4/6/15,BTC-USD,
5/6/15,BTC-USD,41.21951239
6/6/15,BTC-USD,
7/6/15,BTC-USD,
8/6/15,BTC-USD,
9/6/15,BTC-USD,37.5607069
10/6/15,BTC-USD,16.66666667
11/6/15,BTC-USD,16.66666667
12/6/15,BTC-USD,
13/6/15,BTC-USD,
14/6/15,BTC-USD,
15/6/15,BTC-USD,
16/6/15,BTC-USD,
17/6/15,BTC-USD,46.2318845
18/6/15,BTC-USD,41.21951239
19/6/15,BTC-USD,
20/6/15,BTC-USD,
21/6/15,BTC-USD,
22/6/15,BTC-USD,
23/6/15,BTC-USD,
24/6/15,BTC-USD,
25/6/15,BTC-USD,
26/6/15,BTC-USD,
27/6/15,BTC-USD,
28/6/15,BTC-USD,
29/6/15,BTC-USD,
30/6/15,BTC-USD,16.66666667
1/7/15,BTC-USD,
2/7/15,BTC-USD,
3/7/15,BTC-USD,
4/7/15,BTC-USD,
5/7/15,BTC-USD,
6/7/15,BTC-USD,
7/7/15,BTC-USD,27.11368678
8/7/15,BTC-USD,44.04761905
9/7/15,BTC-USD,44.04761905
10/7/15,BTC-USD,
11/7/15,BTC-USD,
12/7/15,BTC-USD,
13/7/15,BTC-USD,39.27482124
14/7/15,BTC-USD,33.03523048
15/7/15,BTC-USD,25.61904772
16/7/15,BTC-USD,
17/7/15,BTC-USD,
18/7/15,BTC-USD,16.66666667
19/7/15,BTC-USD,26.1764707
20/7/15,BTC-USD,26.1764707
21/7/15,BTC-USD,29.46078445
22/7/15,BTC-USD,
23/7/15,BTC-USD,32.74509821
24/7/15,BTC-USD,
25/7/15,BTC-USD,
26/7/15,BTC-USD,
27/7/15,BTC-USD,
28/7/15,BTC-USD,16.66666667
29/7/15,BTC-USD,
30/7/15,BTC-USD,
31/7/15,BTC-USD,
1/8/15,BTC-USD,32.75833087
2/8/15,BTC-USD,54.14814924
3/8/15,BTC-USD,
4/8/15,BTC-USD,
5/8/15,BTC-USD,
6/8/15,BTC-USD,
7/8/15,BTC-USD,
8/8/15,BTC-USD,
9/8/15,BTC-USD,
10/8/15,BTC-USD,
11/8/15,BTC-USD,
12/8/15,BTC-USD,
13/8/15,BTC-USD,
14/8/15,BTC-USD,
15/8/15,BTC-USD,
16/8/15,BTC-USD,
17/8/15,BTC-USD,
18/8/15,BTC-USD,37.5607069
19/8/15,BTC-USD,44.04761905
20/8/15,BTC-USD,43.44662372
21/8/15,BTC-USD,54.14814924
22/8/15,BTC-USD,
23/8/15,BTC-USD,
24/8/15,BTC-USD,
25/8/15,BTC-USD,34.57142878
26/8/15,BTC-USD,34.57142878
27/8/15,BTC-USD,
28/8/15,BTC-USD,
29/8/15,BTC-USD,40.79166733
30/8/15,BTC-USD,
31/8/15,BTC-USD,
1/9/15,BTC-USD,16.66666667
2/9/15,BTC-USD,40.79166733
3/9/15,BTC-USD,
4/9/15,BTC-USD,
5/9/15,BTC-USD,
6/9/15,BTC-USD,16.66666667
7/9/15,BTC-USD,
8/9/15,BTC-USD,21.72222229
9/9/15,BTC-USD,48.38451978
10/9/15,BTC-USD,
11/9/15,BTC-USD,26.77777791
12/9/15,BTC-USD,48.38451978
13/9/15,BTC-USD,16.66666667
14/9/15,BTC-USD,
15/9/15,BTC-USD,16.66666667
16/9/15,BTC-USD,20.03703708
17/9/15,BTC-USD,26.77777791
18/9/15,BTC-USD,26.82448598
19/9/15,BTC-USD,16.66666667
20/9/15,BTC-USD,41.21951239
21/9/15,BTC-USD,46.2318845
22/9/15,BTC-USD,
23/9/15,BTC-USD,
24/9/15,BTC-USD,
25/9/15,BTC-USD,41.21951143
26/9/15,BTC-USD,
27/9/15,BTC-USD,
28/9/15,BTC-USD,
29/9/15,BTC-USD,
30/9/15,BTC-USD,
1/10/15,BTC-USD,
2/10/15,BTC-USD,
3/10/15,BTC-USD,
4/10/15,BTC-USD,
5/10/15,BTC-USD,21.42156869
6/10/15,BTC-USD,16.66666667
7/10/15,BTC-USD,16.66666667
8/10/15,BTC-USD,
9/10/15,BTC-USD,
10/10/15,BTC-USD,
11/10/15,BTC-USD,
12/10/15,BTC-USD,
13/10/15,BTC-USD,
14/10/15,BTC-USD,
15/10/15,BTC-USD,
16/10/15,BTC-USD,
17/10/15,BTC-USD,
18/10/15,BTC-USD,
19/10/15,BTC-USD,
20/10/15,BTC-USD,
21/10/15,BTC-USD,
22/10/15,BTC-USD,25.95350151
23/10/15,BTC-USD,
24/10/15,BTC-USD,
25/10/15,BTC-USD,32.74509821
26/10/15,BTC-USD,
27/10/15,BTC-USD,26.1764707
28/10/15,BTC-USD,
29/10/15,BTC-USD,
30/10/15,BTC-USD,
31/10/15,BTC-USD,
1/11/15,BTC-USD,
2/11/15,BTC-USD,32.18629744
3/11/15,BTC-USD,30.67460334
4/11/15,BTC-USD,30.24090612
5/11/15,BTC-USD,30.64477098
6/11/15,BTC-USD,
7/11/15,BTC-USD,16.66666667
8/11/15,BTC-USD,
9/11/15,BTC-USD,
10/11/15,BTC-USD,42.67486729
11/11/15,BTC-USD,43.82888067
12/11/15,BTC-USD,
13/11/15,BTC-USD,26.1764707
14/11/15,BTC-USD,
15/11/15,BTC-USD,
16/11/15,BTC-USD,
17/11/15,BTC-USD,
18/11/15,BTC-USD,
19/11/15,BTC-USD,
20/11/15,BTC-USD,
21/11/15,BTC-USD,
22/11/15,BTC-USD,
23/11/15,BTC-USD,
24/11/15,BTC-USD,
25/11/15,BTC-USD,
26/11/15,BTC-USD,
27/11/15,BTC-USD,
28/11/15,BTC-USD,
29/11/15,BTC-USD,
30/11/15,BTC-USD,40.80416297
1/12/15,BTC-USD,
2/12/15,BTC-USD,
3/12/15,BTC-USD,27.31359674
4/12/15,BTC-USD,
5/12/15,BTC-USD,
6/12/15,BTC-USD,
7/12/15,BTC-USD,37.5607069
8/12/15,BTC-USD,41.21951239
9/12/15,BTC-USD,37.313003
10/12/15,BTC-USD,16.66666667
11/12/15,BTC-USD,31.44927559
12/12/15,BTC-USD,
13/12/15,BTC-USD,31.44927559
14/12/15,BTC-USD,
15/12/15,BTC-USD,47.87958098
16/12/15,BTC-USD,26.77777791
17/12/15,BTC-USD,
18/12/15,BTC-USD,
19/12/15,BTC-USD,
20/12/15,BTC-USD,
21/12/15,BTC-USD,
22/12/15,BTC-USD,
23/12/15,BTC-USD,
24/12/15,BTC-USD,
25/12/15,BTC-USD,
26/12/15,BTC-USD,
27/12/15,BTC-USD,
28/12/15,BTC-USD,
29/12/15,BTC-USD,46.2318845
8/1/16,BTC-USD,50
9/1/16,BTC-USD,
10/1/16,BTC-USD,
11/1/16,BTC-USD,
12/1/16,BTC-USD,
13/1/16,BTC-USD,
14/1/16,BTC-USD,
15/1/16,BTC-USD,
16/1/16,BTC-USD,
17/1/16,BTC-USD,44.04761905
18/1/16,BTC-USD,38.4734686
19/1/16,BTC-USD,
20/1/16,BTC-USD,
21/1/16,BTC-USD,26.1764707
22/1/16,BTC-USD,26.1764707
23/1/16,BTC-USD,
24/1/16,BTC-USD,
25/1/16,BTC-USD,
26/1/16,BTC-USD,
27/1/16,BTC-USD,
28/1/16,BTC-USD,
29/1/16,BTC-USD,
30/1/16,BTC-USD,
31/1/16,BTC-USD,
1/2/16,BTC-USD,
2/2/16,BTC-USD,
3/2/16,BTC-USD,
4/2/16,BTC-USD,
5/2/16,BTC-USD,
6/2/16,BTC-USD,
7/2/16,BTC-USD,
8/2/16,BTC-USD,
9/2/16,BTC-USD,
10/2/16,BTC-USD,30.35714286
11/2/16,BTC-USD,31.55957358
12/2/16,BTC-USD,47.87958098
13/2/16,BTC-USD,
14/2/16,BTC-USD,16.66666667
15/2/16,BTC-USD,
16/2/16,BTC-USD,16.66666667
17/2/16,BTC-USD,
18/2/16,BTC-USD,
19/2/16,BTC-USD,
20/2/16,BTC-USD,
21/2/16,BTC-USD,16.66666667
22/2/16,BTC-USD,
23/2/16,BTC-USD,
24/2/16,BTC-USD,
25/2/16,BTC-USD,
26/2/16,BTC-USD,
27/2/16,BTC-USD,
28/2/16,BTC-USD,
29/2/16,BTC-USD,
1/3/16,BTC-USD,
2/3/16,BTC-USD,
3/3/16,BTC-USD,
4/3/16,BTC-USD,
5/3/16,BTC-USD,
6/3/16,BTC-USD,
7/3/16,BTC-USD,
8/3/16,BTC-USD,
9/3/16,BTC-USD,
10/3/16,BTC-USD,16.66666667
11/3/16,BTC-USD,
12/3/16,BTC-USD,
13/3/16,BTC-USD,
14/3/16,BTC-USD,
15/3/16,BTC-USD,
16/3/16,BTC-USD,
17/3/16,BTC-USD,
18/3/16,BTC-USD,
19/3/16,BTC-USD,
20/3/16,BTC-USD,
21/3/16,BTC-USD,
22/3/16,BTC-USD,
23/3/16,BTC-USD,
24/3/16,BTC-USD,
25/3/16,BTC-USD,
26/3/16,BTC-USD,
27/3/16,BTC-USD,
28/3/16,BTC-USD,16.66666667
29/3/16,BTC-USD,16.66666667
30/3/16,BTC-USD,
31/3/16,BTC-USD,
1/4/16,BTC-USD,37.5607069
2/4/16,BTC-USD,
3/4/16,BTC-USD,
4/4/16,BTC-USD,
5/4/16,BTC-USD,
6/4/16,BTC-USD,23.92679747
7/4/16,BTC-USD,23.21405236
8/4/16,BTC-USD,26.77777791
9/4/16,BTC-USD,
10/4/16,BTC-USD,24.70833356
11/4/16,BTC-USD,16.66666667
12/4/16,BTC-USD,
13/4/16,BTC-USD,
14/4/16,BTC-USD,
15/4/16,BTC-USD,
16/4/16,BTC-USD,
17/4/16,BTC-USD,
18/4/16,BTC-USD,
19/4/16,BTC-USD,37.96052682
20/4/16,BTC-USD,
21/4/16,BTC-USD,
22/4/16,BTC-USD,
23/4/16,BTC-USD,
24/4/16,BTC-USD,
25/4/16,BTC-USD,
26/4/16,BTC-USD,
27/4/16,BTC-USD,
28/4/16,BTC-USD,
29/4/16,BTC-USD,
30/4/16,BTC-USD,
1/5/16,BTC-USD,
2/5/16,BTC-USD,34.74243672
3/5/16,BTC-USD,27.7906921
4/5/16,BTC-USD,41.56565676
5/5/16,BTC-USD,32.1692424
6/5/16,BTC-USD,41.39258457
7/5/16,BTC-USD,46.2318845
8/5/16,BTC-USD,
9/5/16,BTC-USD,41.56565676
10/5/16,BTC-USD,
11/5/16,BTC-USD,
12/5/16,BTC-USD,
13/5/16,BTC-USD,26.1764707
14/5/16,BTC-USD,
15/5/16,BTC-USD,26.1764707
16/5/16,BTC-USD,
17/5/16,BTC-USD,
18/5/16,BTC-USD,
19/5/16,BTC-USD,26.77777791
20/5/16,BTC-USD,
21/5/16,BTC-USD,
22/5/16,BTC-USD,
23/5/16,BTC-USD,29.70188517
24/5/16,BTC-USD,34.57142878
25/5/16,BTC-USD,
26/5/16,BTC-USD,
27/5/16,BTC-USD,
28/5/16,BTC-USD,
29/5/16,BTC-USD,
30/5/16,BTC-USD,33.23774541
31/5/16,BTC-USD,32.74509821
1/6/16,BTC-USD,
2/6/16,BTC-USD,
3/6/16,BTC-USD,
4/6/16,BTC-USD,
5/6/16,BTC-USD,
6/6/16,BTC-USD,41.21951239
7/6/16,BTC-USD,
8/6/16,BTC-USD,
9/6/16,BTC-USD,
10/6/16,BTC-USD,
11/6/16,BTC-USD,
12/6/16,BTC-USD,
13/6/16,BTC-USD,
14/6/16,BTC-USD,16.66666667
15/6/16,BTC-USD,
16/6/16,BTC-USD,
17/6/16,BTC-USD,
18/6/16,BTC-USD,
19/6/16,BTC-USD,
20/6/16,BTC-USD,
21/6/16,BTC-USD,27.11368678
22/6/16,BTC-USD,
23/6/16,BTC-USD,
24/6/16,BTC-USD,32.74509793
25/6/16,BTC-USD,
26/6/16,BTC-USD,
27/6/16,BTC-USD,
28/6/16,BTC-USD,
29/6/16,BTC-USD,
30/6/16,BTC-USD,16.66666667
1/7/16,BTC-USD,
2/7/16,BTC-USD,
3/7/16,BTC-USD,
4/7/16,BTC-USD,16.66666667
5/7/16,BTC-USD,
6/7/16,BTC-USD,
7/7/16,BTC-USD,33.38036043
8/7/16,BTC-USD,32.74509821
9/7/16,BTC-USD,32.74509821
10/7/16,BTC-USD,
11/7/16,BTC-USD,
12/7/16,BTC-USD,37.5607069
13/7/16,BTC-USD,
14/7/16,BTC-USD,
15/7/16,BTC-USD,
16/7/16,BTC-USD,
17/7/16,BTC-USD,
18/7/16,BTC-USD,
19/7/16,BTC-USD,
20/7/16,BTC-USD,
21/7/16,BTC-USD,
22/7/16,BTC-USD,
23/7/16,BTC-USD,
24/7/16,BTC-USD,
25/7/16,BTC-USD,
26/7/16,BTC-USD,
27/7/16,BTC-USD,
28/7/16,BTC-USD,
29/7/16,BTC-USD,
30/7/16,BTC-USD,
31/7/16,BTC-USD,
1/8/16,BTC-USD,
2/8/16,BTC-USD,
3/8/16,BTC-USD,39.02278852
4/8/16,BTC-USD,37.5607069
5/8/16,BTC-USD,44.06538055
6/8/16,BTC-USD,41.21951143
7/8/16,BTC-USD,37.5607069
8/8/16,BTC-USD,37.5607069
9/8/16,BTC-USD,
10/8/16,BTC-USD,
11/8/16,BTC-USD,
12/8/16,BTC-USD,36.06760392
13/8/16,BTC-USD,32.74509821
14/8/16,BTC-USD,32.74509821
15/8/16,BTC-USD,
16/8/16,BTC-USD,
17/8/16,BTC-USD,
18/8/16,BTC-USD,41.21951143
19/8/16,BTC-USD,41.21951143
20/8/16,BTC-USD,37.5607069
21/8/16,BTC-USD,41.21951143
22/8/16,BTC-USD,
23/8/16,BTC-USD,
24/8/16,BTC-USD,49.74956821
25/8/16,BTC-USD,49.74956821
26/8/16,BTC-USD,49.91652274
27/8/16,BTC-USD,
28/8/16,BTC-USD,
29/8/16,BTC-USD,44.04761905
30/8/16,BTC-USD,44.04761905
31/8/16,BTC-USD,
1/9/16,BTC-USD,
2/9/16,BTC-USD,44.04761905
3/9/16,BTC-USD,44.04761905
4/9/16,BTC-USD,
5/9/16,BTC-USD,
6/9/16,BTC-USD,
7/9/16,BTC-USD,34.57142878
8/9/16,BTC-USD,
9/9/16,BTC-USD,
10/9/16,BTC-USD,
11/9/16,BTC-USD,
12/9/16,BTC-USD,
13/9/16,BTC-USD,23.09803895
14/9/16,BTC-USD,25.50848375
15/9/16,BTC-USD,
16/9/16,BTC-USD,
17/9/16,BTC-USD,
18/9/16,BTC-USD,
19/9/16,BTC-USD,49.75711892
20/9/16,BTC-USD,49.75711892
21/9/16,BTC-USD,16.66666667
22/9/16,BTC-USD,16.66666667
23/9/16,BTC-USD,32.74509821
24/9/16,BTC-USD,
25/9/16,BTC-USD,
26/9/16,BTC-USD,
27/9/16,BTC-USD,40.79166733
28/9/16,BTC-USD,
29/9/16,BTC-USD,
30/9/16,BTC-USD,
1/10/16,BTC-USD,
2/10/16,BTC-USD,
3/10/16,BTC-USD,
4/10/16,BTC-USD,26.47712431
5/10/16,BTC-USD,
6/10/16,BTC-USD,
7/10/16,BTC-USD,
8/10/16,BTC-USD,
9/10/16,BTC-USD,
10/10/16,BTC-USD,
11/10/16,BTC-USD,
12/10/16,BTC-USD,
13/10/16,BTC-USD,
14/10/16,BTC-USD,
15/10/16,BTC-USD,
16/10/16,BTC-USD,
17/10/16,BTC-USD,
18/10/16,BTC-USD,26.77777791
19/10/16,BTC-USD,
20/10/16,BTC-USD,
21/10/16,BTC-USD,
22/10/16,BTC-USD,
23/10/16,BTC-USD,
24/10/16,BTC-USD,16.66666667
25/10/16,BTC-USD,
26/10/16,BTC-USD,16.66666667
27/10/16,BTC-USD,16.66666667
28/10/16,BTC-USD,34.48357441
29/10/16,BTC-USD,
30/10/16,BTC-USD,
31/10/16,BTC-USD,
1/11/16,BTC-USD,
2/11/16,BTC-USD,
3/11/16,BTC-USD,
4/11/16,BTC-USD,44.04761905
5/11/16,BTC-USD,
6/11/16,BTC-USD,
7/11/16,BTC-USD,
8/11/16,BTC-USD,
9/11/16,BTC-USD,
10/11/16,BTC-USD,
11/11/16,BTC-USD,
12/11/16,BTC-USD,
13/11/16,BTC-USD,
14/11/16,BTC-USD,
15/11/16,BTC-USD,
16/11/16,BTC-USD,
17/11/16,BTC-USD,
18/11/16,BTC-USD,
19/11/16,BTC-USD,
20/11/16,BTC-USD,
21/11/16,BTC-USD,26.1764707
22/11/16,BTC-USD,
23/11/16,BTC-USD,
24/11/16,BTC-USD,
25/11/16,BTC-USD,
26/11/16,BTC-USD,
27/11/16,BTC-USD,
28/11/16,BTC-USD,45.85185212
29/11/16,BTC-USD,
30/11/16,BTC-USD,
1/12/16,BTC-USD,37.5607069
2/12/16,BTC-USD,
3/12/16,BTC-USD,
4/12/16,BTC-USD,
5/12/16,BTC-USD,
6/12/16,BTC-USD,
7/12/16,BTC-USD,32.74509738
8/12/16,BTC-USD,
9/12/16,BTC-USD,
10/12/16,BTC-USD,
11/12/16,BTC-USD,
12/12/16,BTC-USD,
13/12/16,BTC-USD,
14/12/16,BTC-USD,37.5607069
15/12/16,BTC-USD,
16/12/16,BTC-USD,42.63356524
17/12/16,BTC-USD,41.21951143
18/12/16,BTC-USD,39.39010916
19/12/16,BTC-USD,41.21951143
20/12/16,BTC-USD,
21/12/16,BTC-USD,
22/12/16,BTC-USD,34.57142878
23/12/16,BTC-USD,45.98684227
24/12/16,BTC-USD,31.8685888
25/12/16,BTC-USD,
26/12/16,BTC-USD,41.00407293
27/12/16,BTC-USD,
28/12/16,BTC-USD,41.21951239
29/12/16,BTC-USD,43.30416296
30/12/16,BTC-USD,16.66666667
1/1/17,BTC-USD,37.5607069
2/1/17,BTC-USD,47.87958098
3/1/17,BTC-USD,26.77777791
4/1/17,BTC-USD,32.9206352
5/1/17,BTC-USD,28.66563258
6/1/17,BTC-USD,40.88888896
7/1/17,BTC-USD,44.04761905
8/1/17,BTC-USD,16.66666667
9/1/17,BTC-USD,37.82974614
10/1/17,BTC-USD,31.15312797
11/1/17,BTC-USD,33.66972408
12/1/17,BTC-USD,42.63356572
13/1/17,BTC-USD,
14/1/17,BTC-USD,
15/1/17,BTC-USD,
16/1/17,BTC-USD,37.5607069
17/1/17,BTC-USD,37.5607069
18/1/17,BTC-USD,16.66666667
19/1/17,BTC-USD,37.5607069
20/1/17,BTC-USD,
21/1/17,BTC-USD,
22/1/17,BTC-USD,
23/1/17,BTC-USD,30.35714286
24/1/17,BTC-USD,37.5607069
25/1/17,BTC-USD,
26/1/17,BTC-USD,16.66666667
27/1/17,BTC-USD,
28/1/17,BTC-USD,
29/1/17,BTC-USD,
30/1/17,BTC-USD,41.21951175
31/1/17,BTC-USD,41.21951143
1/2/17,BTC-USD,
2/2/17,BTC-USD,
3/2/17,BTC-USD,
4/2/17,BTC-USD,
5/2/17,BTC-USD,41.21951143
6/2/17,BTC-USD,
7/2/17,BTC-USD,
8/2/17,BTC-USD,33.28066023
9/2/17,BTC-USD,16.66666667
10/2/17,BTC-USD,23.63134674
11/2/17,BTC-USD,
12/2/17,BTC-USD,16.66666667
13/2/17,BTC-USD,30.35714286
14/2/17,BTC-USD,
15/2/17,BTC-USD,
16/2/17,BTC-USD,
17/2/17,BTC-USD,
18/2/17,BTC-USD,
19/2/17,BTC-USD,
20/2/17,BTC-USD,
21/2/17,BTC-USD,34.57142878
22/2/17,BTC-USD,34.57142878
23/2/17,BTC-USD,
24/2/17,BTC-USD,40.88888896
25/2/17,BTC-USD,44.04761905
26/2/17,BTC-USD,
27/2/17,BTC-USD,41.21951239
28/2/17,BTC-USD,34.57142878
1/3/17,BTC-USD,34.57142878
2/3/17,BTC-USD,27.77777778
3/3/17,BTC-USD,38.88888889
4/3/17,BTC-USD,
5/3/17,BTC-USD,
6/3/17,BTC-USD,23.20697176
7/3/17,BTC-USD,
8/3/17,BTC-USD,31.8685888
9/3/17,BTC-USD,26.37690644
10/3/17,BTC-USD,37.21570235
11/3/17,BTC-USD,
12/3/17,BTC-USD,
13/3/17,BTC-USD,21.62200442
14/3/17,BTC-USD,16.66666667
15/3/17,BTC-USD,30.35714286
16/3/17,BTC-USD,41.21951239
17/3/17,BTC-USD,26.1764707
18/3/17,BTC-USD,
19/3/17,BTC-USD,32.74509821
20/3/17,BTC-USD,
21/3/17,BTC-USD,
22/3/17,BTC-USD,
23/3/17,BTC-USD,37.5607069
24/3/17,BTC-USD,37.5607069
25/3/17,BTC-USD,
26/3/17,BTC-USD,37.5607069
27/3/17,BTC-USD,37.5607069
28/3/17,BTC-USD,37.5607069
29/3/17,BTC-USD,
30/3/17,BTC-USD,
31/3/17,BTC-USD,
1/4/17,BTC-USD,
2/4/17,BTC-USD,
3/4/17,BTC-USD,
4/4/17,BTC-USD,
5/4/17,BTC-USD,
6/4/17,BTC-USD,
7/4/17,BTC-USD,
8/4/17,BTC-USD,
9/4/17,BTC-USD,
10/4/17,BTC-USD,16.66666667
11/4/17,BTC-USD,32.74509821
12/4/17,BTC-USD,41.21951143
13/4/17,BTC-USD,32.74509821
14/4/17,BTC-USD,
15/4/17,BTC-USD,16.66666667
16/4/17,BTC-USD,
17/4/17,BTC-USD,
18/4/17,BTC-USD,45.60975619
19/4/17,BTC-USD,
20/4/17,BTC-USD,
21/4/17,BTC-USD,
22/4/17,BTC-USD,
23/4/17,BTC-USD,
24/4/17,BTC-USD,
25/4/17,BTC-USD,
26/4/17,BTC-USD,16.66666667
27/4/17,BTC-USD,39.39010916
28/4/17,BTC-USD,
29/4/17,BTC-USD,
30/4/17,BTC-USD,
1/5/17,BTC-USD,
2/5/17,BTC-USD,
3/5/17,BTC-USD,
4/5/17,BTC-USD,
5/5/17,BTC-USD,
6/5/17,BTC-USD,
7/5/17,BTC-USD,
8/5/17,BTC-USD,
9/5/17,BTC-USD,
10/5/17,BTC-USD,26.77777791
11/5/17,BTC-USD,44.04761905
12/5/17,BTC-USD,41.21951239
13/5/17,BTC-USD,
14/5/17,BTC-USD,37.5607069
15/5/17,BTC-USD,41.29503345
16/5/17,BTC-USD,
17/5/17,BTC-USD,
18/5/17,BTC-USD,33.8726788
19/5/17,BTC-USD,50
20/5/17,BTC-USD,31.8685888
21/5/17,BTC-USD,26.1764707
22/5/17,BTC-USD,29.5294119
23/5/17,BTC-USD,33.20963367
24/5/17,BTC-USD,41.71050414
25/5/17,BTC-USD,36.80468523
26/5/17,BTC-USD,34.01382108
27/5/17,BTC-USD,41.3725491
28/5/17,BTC-USD,
29/5/17,BTC-USD,26.77777791
30/5/17,BTC-USD,33.25189821
31/5/17,BTC-USD,34.86452242
1/6/17,BTC-USD,27.56825403
2/6/17,BTC-USD,28.76688467
3/6/17,BTC-USD,27.38562103
4/6/17,BTC-USD,32.74509821
5/6/17,BTC-USD,30.55201075
6/6/17,BTC-USD,37.01048774
7/6/17,BTC-USD,28.02088293
8/6/17,BTC-USD,37.12422152
9/6/17,BTC-USD,16.66666667
10/6/17,BTC-USD,31.25925939
11/6/17,BTC-USD,24.70833356
12/6/17,BTC-USD,33.62994011
13/6/17,BTC-USD,24.63529422
14/6/17,BTC-USD,26.57734217
15/6/17,BTC-USD,41.87698457
16/6/17,BTC-USD,44.04761905
17/6/17,BTC-USD,26.77777791
18/6/17,BTC-USD,26.1764707
19/6/17,BTC-USD,37.96052682
20/6/17,BTC-USD,32.74509821
21/6/17,BTC-USD,
22/6/17,BTC-USD,16.66666667
23/6/17,BTC-USD,26.1764707
24/6/17,BTC-USD,37.5607069
25/6/17,BTC-USD,26.77777791
26/6/17,BTC-USD,32.74509738
27/6/17,BTC-USD,41.05512655
28/6/17,BTC-USD,32.74509821
29/6/17,BTC-USD,16.66666667
30/6/17,BTC-USD,32.74509738
1/7/17,BTC-USD,16.66666667
2/7/17,BTC-USD,41.21951143
3/7/17,BTC-USD,
4/7/17,BTC-USD,
5/7/17,BTC-USD,16.66666667
6/7/17,BTC-USD,
7/7/17,BTC-USD,
8/7/17,BTC-USD,
9/7/17,BTC-USD,32.74509821
10/7/17,BTC-USD,45.32493969
11/7/17,BTC-USD,45.31060985
12/7/17,BTC-USD,29.09497573
13/7/17,BTC-USD,16.66666667
14/7/17,BTC-USD,30.49253364
15/7/17,BTC-USD,37.7899258
16/7/17,BTC-USD,30.21042575
17/7/17,BTC-USD,32.28198438
18/7/17,BTC-USD,44.04761905
19/7/17,BTC-USD,33.22384446
20/7/17,BTC-USD,26.1764707
21/7/17,BTC-USD,38.06854277
22/7/17,BTC-USD,
23/7/17,BTC-USD,16.66666667
24/7/17,BTC-USD,36.93687217
25/7/17,BTC-USD,39.557491
26/7/17,BTC-USD,40.09713607
27/7/17,BTC-USD,44.04761905
28/7/17,BTC-USD,41.21951143
29/7/17,BTC-USD,
30/7/17,BTC-USD,
31/7/17,BTC-USD,32.74509738
1/8/17,BTC-USD,28.94308953
2/8/17,BTC-USD,38.07690564
3/8/17,BTC-USD,44.04761905
4/8/17,BTC-USD,52.69503569
5/8/17,BTC-USD,
6/8/17,BTC-USD,32.74509821
7/8/17,BTC-USD,43.16258431
8/8/17,BTC-USD,34.05963832
9/8/17,BTC-USD,38.35565079
10/8/17,BTC-USD,40.5035259
11/8/17,BTC-USD,33.01370772
12/8/17,BTC-USD,39.7364068
13/8/17,BTC-USD,35.15290214
14/8/17,BTC-USD,36.72376393
15/8/17,BTC-USD,16.66666667
16/8/17,BTC-USD,16.66666667
17/8/17,BTC-USD,27.11604653
18/8/17,BTC-USD,25.85066002
19/8/17,BTC-USD,35.58065291
20/8/17,BTC-USD,40.79166733
21/8/17,BTC-USD,22.18572593
22/8/17,BTC-USD,22.02614385
23/8/17,BTC-USD,34.57142878
24/8/17,BTC-USD,34.57142878
25/8/17,BTC-USD,24.85094857
26/8/17,BTC-USD,
27/8/17,BTC-USD,16.66666667
28/8/17,BTC-USD,16.66666667
29/8/17,BTC-USD,26.1764707
30/8/17,BTC-USD,16.66666667
31/8/17,BTC-USD,16.66666667
1/9/17,BTC-USD,26.93455473
2/9/17,BTC-USD,33.48406902
3/9/17,BTC-USD,
4/9/17,BTC-USD,30.5555557
5/9/17,BTC-USD,39.65145234
6/9/17,BTC-USD,35.4559594
7/9/17,BTC-USD,29.70349126
8/9/17,BTC-USD,40.36858311
9/9/17,BTC-USD,
10/9/17,BTC-USD,41.21951239
11/9/17,BTC-USD,34.48174786
12/9/17,BTC-USD,34.77701654
13/9/17,BTC-USD,32.6442275
14/9/17,BTC-USD,35.84872168
15/9/17,BTC-USD,38.75359586
16/9/17,BTC-USD,38.99318891
17/9/17,BTC-USD,33.9779327
18/9/17,BTC-USD,38.62904024
19/9/17,BTC-USD,37.0405908
20/9/17,BTC-USD,41.50341172
21/9/17,BTC-USD,41.47293697
22/9/17,BTC-USD,38.66071484
23/9/17,BTC-USD,45.85185212
24/9/17,BTC-USD,35.15290255
25/9/17,BTC-USD,45.85185212
26/9/17,BTC-USD,29.92878799
27/9/17,BTC-USD,32.74509821
28/9/17,BTC-USD,41.54896405
29/9/17,BTC-USD,39.8291517
30/9/17,BTC-USD,47.43997743
1/10/17,BTC-USD,52.98365916
2/10/17,BTC-USD,31.86925795
3/10/17,BTC-USD,31.60545207
4/10/17,BTC-USD,55.95238095
5/10/17,BTC-USD,30.35714286
6/10/17,BTC-USD,29.16861465
7/10/17,BTC-USD,26.1764707
8/10/17,BTC-USD,
9/10/17,BTC-USD,35.15290255
10/10/17,BTC-USD,41.8962957
11/10/17,BTC-USD,41.00558986
12/10/17,BTC-USD,37.78138545
13/10/17,BTC-USD,38.34234048
14/10/17,BTC-USD,46.1794723
15/10/17,BTC-USD,44.13932156
16/10/17,BTC-USD,30.22351006
17/10/17,BTC-USD,30.48982493
18/10/17,BTC-USD,40.89635868
19/10/17,BTC-USD,32.1692424
20/10/17,BTC-USD,35.18599875
21/10/17,BTC-USD,39.97420613
22/10/17,BTC-USD,41.21951239
23/10/17,BTC-USD,38.39635821
24/10/17,BTC-USD,18.56862747
25/10/17,BTC-USD,37.58834756
26/10/17,BTC-USD,40.94261246
27/10/17,BTC-USD,38.50559352
28/10/17,BTC-USD,33.69799154
29/10/17,BTC-USD,29.00061383
30/10/17,BTC-USD,26.77777791
31/10/17,BTC-USD,32.75610052
1/11/17,BTC-USD,30.58564267
2/11/17,BTC-USD,37.61118801
3/11/17,BTC-USD,32.91305377
4/11/17,BTC-USD,33.68458748
5/11/17,BTC-USD,38.29651706
6/11/17,BTC-USD,38.17133112
7/11/17,BTC-USD,30.62496629
8/11/17,BTC-USD,31.02655467
9/11/17,BTC-USD,35.25876216
10/11/17,BTC-USD,31.65097672
11/11/17,BTC-USD,35.74955598
12/11/17,BTC-USD,37.31594344
13/11/17,BTC-USD,36.51626792
14/11/17,BTC-USD,35.38568176
15/11/17,BTC-USD,36.53924622
16/11/17,BTC-USD,34.01332251
17/11/17,BTC-USD,32.40396715
18/11/17,BTC-USD,45.52905737
19/11/17,BTC-USD,44.54123088
20/11/17,BTC-USD,36.31838368
21/11/17,BTC-USD,33.09559154
22/11/17,BTC-USD,41.15469684
23/11/17,BTC-USD,33.43728229
24/11/17,BTC-USD,34.91056914
25/11/17,BTC-USD,36.34689358
26/11/17,BTC-USD,34.15694604
27/11/17,BTC-USD,30.36238238
28/11/17,BTC-USD,32.88942619
29/11/17,BTC-USD,32.58439965
30/11/17,BTC-USD,35.95665105
1/12/17,BTC-USD,35.07904655
2/12/17,BTC-USD,38.67903393
3/12/17,BTC-USD,41.38849661
4/12/17,BTC-USD,32.56757298
5/12/17,BTC-USD,28.80447245
6/12/17,BTC-USD,34.34557985
7/12/17,BTC-USD,34.37594334
8/12/17,BTC-USD,32.13684659
9/12/17,BTC-USD,38.52214692
10/12/17,BTC-USD,30.55611522
11/12/17,BTC-USD,33.16037256
12/12/17,BTC-USD,35.04620754
13/12/17,BTC-USD,31.94494784
14/12/17,BTC-USD,36.90959521
15/12/17,BTC-USD,38.70928119
16/12/17,BTC-USD,40.00697839
17/12/17,BTC-USD,38.21608777
18/12/17,BTC-USD,34.00449988
19/12/17,BTC-USD,38.071473
20/12/17,BTC-USD,34.84207377
21/12/17,BTC-USD,34.57859943
22/12/17,BTC-USD,35.79149004
23/12/17,BTC-USD,38.78483051
24/12/17,BTC-USD,44.16213652
25/12/17,BTC-USD,41.66495584
26/12/17,BTC-USD,26.51802359
27/12/17,BTC-USD,36.09034943
28/12/17,BTC-USD,35.89925537
29/12/17,BTC-USD,32.82037057
30/12/17,BTC-USD,41.21951239
1/1/18,BTC-USD,31.11714412
2/1/18,BTC-USD,37.34931131
3/1/18,BTC-USD,35.42845417
4/1/18,BTC-USD,37.17462252
5/1/18,BTC-USD,37.88428908
6/1/18,BTC-USD,34.75204911
7/1/18,BTC-USD,40.14176277
8/1/18,BTC-USD,37.37717264
9/1/18,BTC-USD,35.84395974
10/1/18,BTC-USD,36.97620299
11/1/18,BTC-USD,30.96597115
12/1/18,BTC-USD,39.29780747
13/1/18,BTC-USD,36.12837355
14/1/18,BTC-USD,34.75853154
15/1/18,BTC-USD,35.0198507
16/1/18,BTC-USD,41.67371334
17/1/18,BTC-USD,31.79019085
18/1/18,BTC-USD,35.218092
19/1/18,BTC-USD,31.5127255
20/1/18,BTC-USD,33.7454303
21/1/18,BTC-USD,29.75040745
22/1/18,BTC-USD,39.49581287
23/1/18,BTC-USD,38.10285509
24/1/18,BTC-USD,35.71502559
25/1/18,BTC-USD,36.62148957
26/1/18,BTC-USD,41.74940245
27/1/18,BTC-USD,36.65066035
28/1/18,BTC-USD,35.72395862
29/1/18,BTC-USD,32.60833332
30/1/18,BTC-USD,27.52777781
31/1/18,BTC-USD,36.22604909
1/2/18,BTC-USD,38.19081767
2/2/18,BTC-USD,34.17946555
3/2/18,BTC-USD,39.63580651
4/2/18,BTC-USD,37.71359864
5/2/18,BTC-USD,35.22241468
6/2/18,BTC-USD,36.4464848
7/2/18,BTC-USD,35.32109563
8/2/18,BTC-USD,32.65693859
9/2/18,BTC-USD,30.2988779
10/2/18,BTC-USD,31.1531277
11/2/18,BTC-USD,31.00307497
12/2/18,BTC-USD,32.67454255
13/2/18,BTC-USD,39.82118513
14/2/18,BTC-USD,41.32153686
15/2/18,BTC-USD,34.14846302
16/2/18,BTC-USD,45.85185212
17/2/18,BTC-USD,39.33740928
18/2/18,BTC-USD,41.21951143
19/2/18,BTC-USD,29.46078404
20/2/18,BTC-USD,38.62577526
21/2/18,BTC-USD,41.51716173
22/2/18,BTC-USD,36.78673435
23/2/18,BTC-USD,45.22346372
24/2/18,BTC-USD,41.21951143
25/2/18,BTC-USD,
26/2/18,BTC-USD,39.6334932
27/2/18,BTC-USD,37.11865137
28/2/18,BTC-USD,35.11204488
1/3/18,BTC-USD,51.49463958
2/3/18,BTC-USD,30.31107438
3/3/18,BTC-USD,41.12365757
4/3/18,BTC-USD,38.91681738
5/3/18,BTC-USD,33.03523048
6/3/18,BTC-USD,50.83331225
7/3/18,BTC-USD,38.18620747
8/3/18,BTC-USD,44.04761905
9/3/18,BTC-USD,35.11018679
10/3/18,BTC-USD,41.92401072
11/3/18,BTC-USD,37.80103252
12/3/18,BTC-USD,30.82955354
13/3/18,BTC-USD,16.66666667
14/3/18,BTC-USD,28.60584952
15/3/18,BTC-USD,35.99285224
16/3/18,BTC-USD,36.81196362
17/3/18,BTC-USD,40.59232485
18/3/18,BTC-USD,37.5607069
19/3/18,BTC-USD,38.13279143
20/3/18,BTC-USD,33.60079945
21/3/18,BTC-USD,
22/3/18,BTC-USD,41.21951239
23/3/18,BTC-USD,
24/3/18,BTC-USD,
25/3/18,BTC-USD,
26/3/18,BTC-USD,45.85442807
27/3/18,BTC-USD,32.1692424
28/3/18,BTC-USD,39.39010916
29/3/18,BTC-USD,38.76063378
30/3/18,BTC-USD,39.12590008
31/3/18,BTC-USD,28.94308905
1/4/18,BTC-USD,41.21951143
2/4/18,BTC-USD,43.35691
3/4/18,BTC-USD,36.98230482
4/4/18,BTC-USD,24.70588244
5/4/18,BTC-USD,42.21993342
6/4/18,BTC-USD,
7/4/18,BTC-USD,41.21951239
8/4/18,BTC-USD,41.21951239
9/4/18,BTC-USD,35.90579447
10/4/18,BTC-USD,38.67088922
11/4/18,BTC-USD,34.18826413
12/4/18,BTC-USD,36.85047182
13/4/18,BTC-USD,45.99068937
14/4/18,BTC-USD,39.34865907
15/4/18,BTC-USD,39.6466511
16/4/18,BTC-USD,
17/4/18,BTC-USD,28.94308953
18/4/18,BTC-USD,27.00171716
19/4/18,BTC-USD,28.74122485
20/4/18,BTC-USD,45.66441148
21/4/18,BTC-USD,53.76811606
22/4/18,BTC-USD,
23/4/18,BTC-USD,21.72222229
24/4/18,BTC-USD,26.1764707
25/4/18,BTC-USD,
26/4/18,BTC-USD,33.99864515
27/4/18,BTC-USD,
28/4/18,BTC-USD,
29/4/18,BTC-USD,
30/4/18,BTC-USD,40.18818314
1/5/18,BTC-USD,
2/5/18,BTC-USD,21.42156869
3/5/18,BTC-USD,39.99991056
4/5/18,BTC-USD,37.5607069
5/5/18,BTC-USD,37.5607069
6/5/18,BTC-USD,37.5607069
7/5/18,BTC-USD,39.99991056
8/5/18,BTC-USD,34.97559819
9/5/18,BTC-USD,31.60637248
10/5/18,BTC-USD,37.19165552
11/5/18,BTC-USD,
12/5/18,BTC-USD,21.14285719
13/5/18,BTC-USD,16.66666667
14/5/18,BTC-USD,16.66666667
15/5/18,BTC-USD,34.001597
16/5/18,BTC-USD,37.74535407
17/5/18,BTC-USD,16.66666667
18/5/18,BTC-USD,26.1764707
19/5/18,BTC-USD,33.53261596
20/5/18,BTC-USD,30.847222
21/5/18,BTC-USD,37.01992054
22/5/18,BTC-USD,35.44992605
23/5/18,BTC-USD,32.74509738
24/5/18,BTC-USD,34.86843055
25/5/18,BTC-USD,33.99864467
26/5/18,BTC-USD,26.61561577
27/5/18,BTC-USD,30.40259424
28/5/18,BTC-USD,37.5607069
29/5/18,BTC-USD,44.04761905
30/5/18,BTC-USD,
31/5/18,BTC-USD,
1/6/18,BTC-USD,
2/6/18,BTC-USD,16.66666667
3/6/18,BTC-USD,16.66666667
4/6/18,BTC-USD,
5/6/18,BTC-USD,26.1764707
6/6/18,BTC-USD,
7/6/18,BTC-USD,41.21951239
8/6/18,BTC-USD,40.80416297
9/6/18,BTC-USD,27.11368678
10/6/18,BTC-USD,41.21951239
11/6/18,BTC-USD,31.9538043
12/6/18,BTC-USD,44.35606062
13/6/18,BTC-USD,32.86982627
14/6/18,BTC-USD,36.32158133
15/6/18,BTC-USD,32.14713938
16/6/18,BTC-USD,
17/6/18,BTC-USD,37.5607069
18/6/18,BTC-USD,35.90776928
19/6/18,BTC-USD,58.30158785
20/6/18,BTC-USD,33.87194694
21/6/18,BTC-USD,31.10294071
22/6/18,BTC-USD,
23/6/18,BTC-USD,37.5607069
24/6/18,BTC-USD,30.59602682
25/6/18,BTC-USD,39.02422909
26/6/18,BTC-USD,41.07689737
27/6/18,BTC-USD,16.66666667
28/6/18,BTC-USD,20.68627434
29/6/18,BTC-USD,38.77110163
30/6/18,BTC-USD,34.25372002
1/7/18,BTC-USD,41.21951191
2/7/18,BTC-USD,44.04761905
3/7/18,BTC-USD,
4/7/18,BTC-USD,65.42857225
5/7/18,BTC-USD,55.64021219
6/7/18,BTC-USD,25.61904772
7/7/18,BTC-USD,16.66666667
8/7/18,BTC-USD,16.66666667
9/7/18,BTC-USD,57.46718172
10/7/18,BTC-USD,41.20915309
11/7/18,BTC-USD,37.33468791
12/7/18,BTC-USD,
13/7/18,BTC-USD,44.04761905
14/7/18,BTC-USD,39.39010916
15/7/18,BTC-USD,41.21951143
16/7/18,BTC-USD,37.5607069
17/7/18,BTC-USD,49.0122994
18/7/18,BTC-USD,34.98556333
19/7/18,BTC-USD,41.21951239
20/7/18,BTC-USD,
21/7/18,BTC-USD,44.04761905
22/7/18,BTC-USD,37.5607069
23/7/18,BTC-USD,33.95892488
24/7/18,BTC-USD,32.4571703
25/7/18,BTC-USD,26.1764707
26/7/18,BTC-USD,39.80793527
27/7/18,BTC-USD,28.59684354
28/7/18,BTC-USD,26.1764707
29/7/18,BTC-USD,
30/7/18,BTC-USD,44.04761905
31/7/18,BTC-USD,
1/8/18,BTC-USD,
2/8/18,BTC-USD,43.10491683
3/8/18,BTC-USD,34.30256641
4/8/18,BTC-USD,36.9823053
5/8/18,BTC-USD,41.21951239
6/8/18,BTC-USD,34.91056914
7/8/18,BTC-USD,37.27642286
8/8/18,BTC-USD,41.21951143
9/8/18,BTC-USD,
10/8/18,BTC-USD,43.06194286
11/8/18,BTC-USD,37.3068434
12/8/18,BTC-USD,41.885315
13/8/18,BTC-USD,35.15290255
14/8/18,BTC-USD,35.49372177
15/8/18,BTC-USD,37.97947156
16/8/18,BTC-USD,
17/8/18,BTC-USD,
18/8/18,BTC-USD,
19/8/18,BTC-USD,49.45736434
20/8/18,BTC-USD,
21/8/18,BTC-USD,44.74400698
22/8/18,BTC-USD,36.35680452
23/8/18,BTC-USD,33.56186353
24/8/18,BTC-USD,37.5607069
25/8/18,BTC-USD,46.23188394
26/8/18,BTC-USD,
27/8/18,BTC-USD,
28/8/18,BTC-USD,32.74509821
29/8/18,BTC-USD,41.2511085
30/8/18,BTC-USD,
31/8/18,BTC-USD,
1/9/18,BTC-USD,
2/9/18,BTC-USD,
3/9/18,BTC-USD,16.66666667
4/9/18,BTC-USD,35.33268843
5/9/18,BTC-USD,41.21951239
6/9/18,BTC-USD,40.77867133
7/9/18,BTC-USD,45.48831517
8/9/18,BTC-USD,65.42857225
9/9/18,BTC-USD,65.42857225
10/9/18,BTC-USD,44.04761905
11/9/18,BTC-USD,40.79166733
12/9/18,BTC-USD,42.1662096
13/9/18,BTC-USD,16.66666667
14/9/18,BTC-USD,44.04761905
15/9/18,BTC-USD,
16/9/18,BTC-USD,
17/9/18,BTC-USD,32.1692424
18/9/18,BTC-USD,26.77777791
19/9/18,BTC-USD,31.38979477
20/9/18,BTC-USD,40.60843078
21/9/18,BTC-USD,39.7572363
22/9/18,BTC-USD,
23/9/18,BTC-USD,28.94308905
24/9/18,BTC-USD,29.46078445
25/9/18,BTC-USD,37.64239048
26/9/18,BTC-USD,50.4761905
27/9/18,BTC-USD,49.74038789
28/9/18,BTC-USD,42.89030309
29/9/18,BTC-USD,46.2318845
30/9/18,BTC-USD,46.2318845
1/10/18,BTC-USD,
2/10/18,BTC-USD,42.72014394
3/10/18,BTC-USD,44.04761905
4/10/18,BTC-USD,
5/10/18,BTC-USD,42.41964319
6/10/18,BTC-USD,
7/10/18,BTC-USD,
8/10/18,BTC-USD,
9/10/18,BTC-USD,
10/10/18,BTC-USD,37.5607069
11/10/18,BTC-USD,42.72014394
12/10/18,BTC-USD,
13/10/18,BTC-USD,37.5607069
14/10/18,BTC-USD,
15/10/18,BTC-USD,41.21951239
16/10/18,BTC-USD,
17/10/18,BTC-USD,41.21951239
18/10/18,BTC-USD,32.74509738
19/10/18,BTC-USD,58.78048857
20/10/18,BTC-USD,58.78048857
21/10/18,BTC-USD,
22/10/18,BTC-USD,34.17171734
23/10/18,BTC-USD,32.74509821
24/10/18,BTC-USD,35.41269848
25/10/18,BTC-USD,
26/10/18,BTC-USD,29.59960078
27/10/18,BTC-USD,
28/10/18,BTC-USD,51.5364
29/10/18,BTC-USD,27.38562103
30/10/18,BTC-USD,16.66666667
31/10/18,BTC-USD,33.29236708
1/11/18,BTC-USD,33.2667007
2/11/18,BTC-USD,37.93749967
3/11/18,BTC-USD,32.22676916
4/11/18,BTC-USD,43.34742833
5/11/18,BTC-USD,26.77777791
6/11/18,BTC-USD,20.03703708
7/11/18,BTC-USD,
8/11/18,BTC-USD,40.79166733
9/11/18,BTC-USD,16.66666667
10/11/18,BTC-USD,41.56565676
11/11/18,BTC-USD,52.12041902
12/11/18,BTC-USD,
13/11/18,BTC-USD,45.85356897
14/11/18,BTC-USD,42.83475339
15/11/18,BTC-USD,39.96949132
16/11/18,BTC-USD,40.98183676
17/11/18,BTC-USD,
18/11/18,BTC-USD,42.0773184
19/11/18,BTC-USD,44.04761905
20/11/18,BTC-USD,37.90028463
21/11/18,BTC-USD,45.97142865
22/11/18,BTC-USD,35.24198933
23/11/18,BTC-USD,27.08333345
24/11/18,BTC-USD,45.15319836
25/11/18,BTC-USD,42.03819717
26/11/18,BTC-USD,35.11022285
27/11/18,BTC-USD,34.18464074
28/11/18,BTC-USD,31.8685888
29/11/18,BTC-USD,
30/11/18,BTC-USD,32.74509738
1/12/18,BTC-USD,32.74509738
2/12/18,BTC-USD,41.61064393
3/12/18,BTC-USD,46.51351396
4/12/18,BTC-USD,50.93876897
5/12/18,BTC-USD,52.12041902
6/12/18,BTC-USD,37.5607069
7/12/18,BTC-USD,34.98556301
8/12/18,BTC-USD,45.04047292
9/12/18,BTC-USD,46.61268825
10/12/18,BTC-USD,37.5607069
11/12/18,BTC-USD,46.23188394
12/12/18,BTC-USD,43.49115241
13/12/18,BTC-USD,38.1622204
14/12/18,BTC-USD,29.79342523
15/12/18,BTC-USD,43.27590195
16/12/18,BTC-USD,42.60507287
17/12/18,BTC-USD,44.76781432
18/12/18,BTC-USD,41.00558986
19/12/18,BTC-USD,39.39010916
20/12/18,BTC-USD,38.25622732
21/12/18,BTC-USD,40.41553421
22/12/18,BTC-USD,40.79166733
23/12/18,BTC-USD,27.87826823
24/12/18,BTC-USD,
25/12/18,BTC-USD,
26/12/18,BTC-USD,49.7571188
27/12/18,BTC-USD,47.87958098
28/12/18,BTC-USD,49.74956821
29/12/18,BTC-USD,49.74956821
30/12/18,BTC-USD,49.74956821
2/1/19,BTC-USD,26.77777791
3/1/19,BTC-USD,53.48648646
4/1/19,BTC-USD,
5/1/19,BTC-USD,
6/1/19,BTC-USD,
7/1/19,BTC-USD,38.71475264
8/1/19,BTC-USD,23.40740749
9/1/19,BTC-USD,33.22384446
10/1/19,BTC-USD,37.5607069
11/1/19,BTC-USD,33.69799154
12/1/19,BTC-USD,26.77777791
13/1/19,BTC-USD,26.77777791
14/1/19,BTC-USD,24.96633003
15/1/19,BTC-USD,50
16/1/19,BTC-USD,45.85185212
17/1/19,BTC-USD,45.85185212
18/1/19,BTC-USD,45.85185212
19/1/19,BTC-USD,50
20/1/19,BTC-USD,50
21/1/19,BTC-USD,50
22/1/19,BTC-USD,26.1764707
23/1/19,BTC-USD,42.63356524
24/1/19,BTC-USD,46.2318845
25/1/19,BTC-USD,41.21951143
26/1/19,BTC-USD,
27/1/19,BTC-USD,50.952381
28/1/19,BTC-USD,37.5607069
29/1/19,BTC-USD,44.43995629
30/1/19,BTC-USD,36.82608667
31/1/19,BTC-USD,
1/2/19,BTC-USD,
2/2/19,BTC-USD,53.76811606
3/2/19,BTC-USD,41.02144933
4/2/19,BTC-USD,
5/2/19,BTC-USD,37.5607069
6/2/19,BTC-USD,
7/2/19,BTC-USD,
8/2/19,BTC-USD,
9/2/19,BTC-USD,
10/2/19,BTC-USD,
11/2/19,BTC-USD,
12/2/19,BTC-USD,
13/2/19,BTC-USD,41.21951239
14/2/19,BTC-USD,44.1648888
15/2/19,BTC-USD,45.60975619
16/2/19,BTC-USD,
17/2/19,BTC-USD,
18/2/19,BTC-USD,51.00358423
19/2/19,BTC-USD,50
20/2/19,BTC-USD,
21/2/19,BTC-USD,33.61127653
22/2/19,BTC-USD,
23/2/19,BTC-USD,
24/2/19,BTC-USD,
25/2/19,BTC-USD,26.1764707
26/2/19,BTC-USD,
27/2/19,BTC-USD,
28/2/19,BTC-USD,
1/3/19,BTC-USD,
2/3/19,BTC-USD,
3/3/19,BTC-USD,
4/3/19,BTC-USD,
5/3/19,BTC-USD,
6/3/19,BTC-USD,
7/3/19,BTC-USD,
8/3/19,BTC-USD,
9/3/19,BTC-USD,
10/3/19,BTC-USD,
11/3/19,BTC-USD,
12/3/19,BTC-USD,32.74509738
13/3/19,BTC-USD,
14/3/19,BTC-USD,
15/3/19,BTC-USD,33.48641936
16/3/19,BTC-USD,
17/3/19,BTC-USD,
18/3/19,BTC-USD,47.8539523
19/3/19,BTC-USD,43.50192723
20/3/19,BTC-USD,47.35299894
21/3/19,BTC-USD,37.5607069
22/3/19,BTC-USD,26.1764707
23/3/19,BTC-USD,41.21951239
24/3/19,BTC-USD,44.35606062
25/3/19,BTC-USD,37.5607069
26/3/19,BTC-USD,
27/3/19,BTC-USD,
28/3/19,BTC-USD,
29/3/19,BTC-USD,55.64021219
30/3/19,BTC-USD,
31/3/19,BTC-USD,
1/4/19,BTC-USD,73.22222012
2/4/19,BTC-USD,36.49273917
3/4/19,BTC-USD,36.95477983
4/4/19,BTC-USD,42.0543817
5/4/19,BTC-USD,32.74509821
6/4/19,BTC-USD,
7/4/19,BTC-USD,47.70809114
8/4/19,BTC-USD,
9/4/19,BTC-USD,37.45875125
10/4/19,BTC-USD,35.15290255
11/4/19,BTC-USD,26.1764707
12/4/19,BTC-USD,
13/4/19,BTC-USD,32.74509821
14/4/19,BTC-USD,
15/4/19,BTC-USD,36.33730164
16/4/19,BTC-USD,
17/4/19,BTC-USD,37.5607069
18/4/19,BTC-USD,33.33627486
19/4/19,BTC-USD,
20/4/19,BTC-USD,37.5607069
21/4/19,BTC-USD,
22/4/19,BTC-USD,37.5607069
23/4/19,BTC-USD,37.313003
24/4/19,BTC-USD,37.5607069
25/4/19,BTC-USD,
26/4/19,BTC-USD,
27/4/19,BTC-USD,
28/4/19,BTC-USD,49.75711892
29/4/19,BTC-USD,37.5607069
30/4/19,BTC-USD,37.5607069
1/5/19,BTC-USD,46.23188394
2/5/19,BTC-USD,
3/5/19,BTC-USD,29.76143806
4/5/19,BTC-USD,
5/5/19,BTC-USD,
6/5/19,BTC-USD,
7/5/19,BTC-USD,34.57142878
8/5/19,BTC-USD,39.93238924
9/5/19,BTC-USD,32.16643342
10/5/19,BTC-USD,
11/5/19,BTC-USD,50
12/5/19,BTC-USD,34.15471899
13/5/19,BTC-USD,38.18046102
14/5/19,BTC-USD,46.35090356
15/5/19,BTC-USD,52.69503569
16/5/19,BTC-USD,47.85395222
17/5/19,BTC-USD,32.75000044
18/5/19,BTC-USD,48.99641577
19/5/19,BTC-USD,16.66666667
20/5/19,BTC-USD,42.51508286
21/5/19,BTC-USD,32.1607586
22/5/19,BTC-USD,44.04761905
23/5/19,BTC-USD,41.21951239
24/5/19,BTC-USD,42.63356572
25/5/19,BTC-USD,48.99641577
26/5/19,BTC-USD,
27/5/19,BTC-USD,34.98744205
28/5/19,BTC-USD,47.46193831
29/5/19,BTC-USD,41.21951143
30/5/19,BTC-USD,36.40560089
31/5/19,BTC-USD,35.56990238
1/6/19,BTC-USD,32.74509738
2/6/19,BTC-USD,44.04761905
3/6/19,BTC-USD,29.46078445
4/6/19,BTC-USD,47.0731708
5/6/19,BTC-USD,35.15290214
6/6/19,BTC-USD,26.77777791
7/6/19,BTC-USD,34.57142878
8/6/19,BTC-USD,
9/6/19,BTC-USD,
10/6/19,BTC-USD,
11/6/19,BTC-USD,49.67991169
12/6/19,BTC-USD,41.21951143
13/6/19,BTC-USD,32.74509821
14/6/19,BTC-USD,25.79365079
15/6/19,BTC-USD,38.71825448
16/6/19,BTC-USD,45.13386578
17/6/19,BTC-USD,23.41131819
18/6/19,BTC-USD,52.07407462
19/6/19,BTC-USD,39.87292848
20/6/19,BTC-USD,
21/6/19,BTC-USD,
22/6/19,BTC-USD,37.14191767
23/6/19,BTC-USD,49.84446039
24/6/19,BTC-USD,27.99216011
25/6/19,BTC-USD,39.00101539
26/6/19,BTC-USD,32.24219204
27/6/19,BTC-USD,31.73659572
28/6/19,BTC-USD,34.20365431
29/6/19,BTC-USD,41.16724693
30/6/19,BTC-USD,33.25275352
1/7/19,BTC-USD,33.51411349
2/7/19,BTC-USD,47.31783642
3/7/19,BTC-USD,36.58730162
4/7/19,BTC-USD,41.21951239
5/7/19,BTC-USD,59.20833267
6/7/19,BTC-USD,44.04761905
7/7/19,BTC-USD,
8/7/19,BTC-USD,26.77777791
9/7/19,BTC-USD,
10/7/19,BTC-USD,38.38888895
11/7/19,BTC-USD,41.8848824
12/7/19,BTC-USD,49.96910373
13/7/19,BTC-USD,47.87958098
14/7/19,BTC-USD,48.45536332
15/7/19,BTC-USD,40.6296297
16/7/19,BTC-USD,32.43044834
17/7/19,BTC-USD,47.14610102
18/7/19,BTC-USD,38.47540803
19/7/19,BTC-USD,26.1764707
20/7/19,BTC-USD,47.07317048
21/7/19,BTC-USD,46.91124968
22/7/19,BTC-USD,65.42857225
23/7/19,BTC-USD,
24/7/19,BTC-USD,
25/7/19,BTC-USD,
26/7/19,BTC-USD,
27/7/19,BTC-USD,
28/7/19,BTC-USD,41.21951143
29/7/19,BTC-USD,28.94308905
30/7/19,BTC-USD,41.21951143
31/7/19,BTC-USD,
1/8/19,BTC-USD,
2/8/19,BTC-USD,41.21951143
3/8/19,BTC-USD,41.21951143
4/8/19,BTC-USD,41.21951143
5/8/19,BTC-USD,33.21568628
6/8/19,BTC-USD,16.66666667
7/8/19,BTC-USD,34.37675053
8/8/19,BTC-USD,
9/8/19,BTC-USD,16.66666667
10/8/19,BTC-USD,
11/8/19,BTC-USD,34.57142878
12/8/19,BTC-USD,46.6786392
13/8/19,BTC-USD,39.99990992
14/8/19,BTC-USD,33.96639724
15/8/19,BTC-USD,41.7362888
16/8/19,BTC-USD,22.02614357
17/8/19,BTC-USD,
18/8/19,BTC-USD,41.21951143
19/8/19,BTC-USD,23.63134674
20/8/19,BTC-USD,49.7571188
21/8/19,BTC-USD,
22/8/19,BTC-USD,50
23/8/19,BTC-USD,50
24/8/19,BTC-USD,50.70219956
25/8/19,BTC-USD,
26/8/19,BTC-USD,35.15290255
27/8/19,BTC-USD,24.70588202
28/8/19,BTC-USD,45.24479218
29/8/19,BTC-USD,41.93856851
30/8/19,BTC-USD,
31/8/19,BTC-USD,35.95550372
1/9/19,BTC-USD,35.95550372
2/9/19,BTC-USD,35.15290214
3/9/19,BTC-USD,38.0905696
4/9/19,BTC-USD,
5/9/19,BTC-USD,
6/9/19,BTC-USD,29.83026986
7/9/19,BTC-USD,32.74509821
8/9/19,BTC-USD,44.04761905
9/9/19,BTC-USD,50
10/9/19,BTC-USD,
11/9/19,BTC-USD,
12/9/19,BTC-USD,43.16792952
13/9/19,BTC-USD,
14/9/19,BTC-USD,32.74509821
15/9/19,BTC-USD,
16/9/19,BTC-USD,
17/9/19,BTC-USD,
18/9/19,BTC-USD,16.66666667
19/9/19,BTC-USD,16.66666667
20/9/19,BTC-USD,
21/9/19,BTC-USD,31.5916894
22/9/19,BTC-USD,
23/9/19,BTC-USD,39.55808092
24/9/19,BTC-USD,50
25/9/19,BTC-USD,46.4459867
26/9/19,BTC-USD,41.21951143
27/9/19,BTC-USD,16.66666667
28/9/19,BTC-USD,
29/9/19,BTC-USD,
30/9/19,BTC-USD,26.1764707
1/10/19,BTC-USD,37.45875125
2/10/19,BTC-USD,41.21951143
3/10/19,BTC-USD,41.21951191
4/10/19,BTC-USD,33.69799107
5/10/19,BTC-USD,33.69799107
6/10/19,BTC-USD,41.21951143
7/10/19,BTC-USD,39.53896767
8/10/19,BTC-USD,49.75711892
9/10/19,BTC-USD,41.21951143
10/10/19,BTC-USD,
11/10/19,BTC-USD,37.5607069
12/10/19,BTC-USD,
13/10/19,BTC-USD,
14/10/19,BTC-USD,
15/10/19,BTC-USD,
16/10/19,BTC-USD,37.5607069
17/10/19,BTC-USD,39.39010964
18/10/19,BTC-USD,
19/10/19,BTC-USD,
20/10/19,BTC-USD,
21/10/19,BTC-USD,27.69430051
22/10/19,BTC-USD,
23/10/19,BTC-USD,25.61904772
24/10/19,BTC-USD,28.97479006
25/10/19,BTC-USD,32.74509821
26/10/19,BTC-USD,37.5607069
27/10/19,BTC-USD,
28/10/19,BTC-USD,38.20944064
29/10/19,BTC-USD,28.94308953
30/10/19,BTC-USD,
31/10/19,BTC-USD,
1/11/19,BTC-USD,
2/11/19,BTC-USD,
3/11/19,BTC-USD,
4/11/19,BTC-USD,33.03523
5/11/19,BTC-USD,34.70602087
6/11/19,BTC-USD,16.66666667
7/11/19,BTC-USD,50.26411658
8/11/19,BTC-USD,16.66666667
9/11/19,BTC-USD,
10/11/19,BTC-USD,
11/11/19,BTC-USD,50
12/11/19,BTC-USD,
13/11/19,BTC-USD,16.66666667
14/11/19,BTC-USD,30.35714286
15/11/19,BTC-USD,
16/11/19,BTC-USD,
17/11/19,BTC-USD,
18/11/19,BTC-USD,
19/11/19,BTC-USD,35.41269848
20/11/19,BTC-USD,
21/11/19,BTC-USD,33.69799107
22/11/19,BTC-USD,44.04761905
23/11/19,BTC-USD,
24/11/19,BTC-USD,16.66666667
25/11/19,BTC-USD,37.39910452
26/11/19,BTC-USD,28.94308953
27/11/19,BTC-USD,33.33333333
28/11/19,BTC-USD,20.03703708
29/11/19,BTC-USD,38.43540279
30/11/19,BTC-USD,
1/12/19,BTC-USD,16.66666667
2/12/19,BTC-USD,37.5607069
3/12/19,BTC-USD,44.04761905
4/12/19,BTC-USD,26.1764707
5/12/19,BTC-USD,
6/12/19,BTC-USD,36.76838235
7/12/19,BTC-USD,30.84409342
8/12/19,BTC-USD,41.21951143
9/12/19,BTC-USD,26.1764707
10/12/19,BTC-USD,
11/12/19,BTC-USD,
12/12/19,BTC-USD,
13/12/19,BTC-USD,
14/12/19,BTC-USD,
15/12/19,BTC-USD,
16/12/19,BTC-USD,44.04761905
17/12/19,BTC-USD,
18/12/19,BTC-USD,40.80416297
19/12/19,BTC-USD,16.66666667
20/12/19,BTC-USD,
21/12/19,BTC-USD,
22/12/19,BTC-USD,
23/12/19,BTC-USD,26.47712431
24/12/19,BTC-USD,
25/12/19,BTC-USD,
26/12/19,BTC-USD,
27/12/19,BTC-USD,
28/12/19,BTC-USD,
29/12/19,BTC-USD,
30/12/19,BTC-USD,34.57142878
1/1/20,BTC-USD,37.32867944
2/1/20,BTC-USD,41.21951143
3/1/20,BTC-USD,41.21951143
4/1/20,BTC-USD,
5/1/20,BTC-USD,
6/1/20,BTC-USD,
7/1/20,BTC-USD,30.59602682
8/1/20,BTC-USD,16.66666667
9/1/20,BTC-USD,
10/1/20,BTC-USD,35.15290255
11/1/20,BTC-USD,16.66666667
12/1/20,BTC-USD,
13/1/20,BTC-USD,16.66666667
14/1/20,BTC-USD,48.31159674
15/1/20,BTC-USD,35.81944467
16/1/20,BTC-USD,
17/1/20,BTC-USD,
18/1/20,BTC-USD,
19/1/20,BTC-USD,
20/1/20,BTC-USD,44.04761905
21/1/20,BTC-USD,26.1764707
22/1/20,BTC-USD,
23/1/20,BTC-USD,34.57142878
24/1/20,BTC-USD,26.77777791
25/1/20,BTC-USD,
26/1/20,BTC-USD,
27/1/20,BTC-USD,45.85185212
28/1/20,BTC-USD,34.40998315
29/1/20,BTC-USD,26.77777791
30/1/20,BTC-USD,37.5607069
31/1/20,BTC-USD,27.11368678
1/2/20,BTC-USD,49.04761915
2/2/20,BTC-USD,49.04761915
3/2/20,BTC-USD,31.81562833
4/2/20,BTC-USD,38.08823535
5/2/20,BTC-USD,49.74956821
6/2/20,BTC-USD,26.1764707
7/2/20,BTC-USD,
8/2/20,BTC-USD,
9/2/20,BTC-USD,44.04761905
10/2/20,BTC-USD,44.75845321
11/2/20,BTC-USD,
12/2/20,BTC-USD,33.665989
13/2/20,BTC-USD,34.57142878
14/2/20,BTC-USD,
15/2/20,BTC-USD,
16/2/20,BTC-USD,
17/2/20,BTC-USD,
18/2/20,BTC-USD,
19/2/20,BTC-USD,
20/2/20,BTC-USD,16.66666667
21/2/20,BTC-USD,
22/2/20,BTC-USD,
23/2/20,BTC-USD,37.5607069
24/2/20,BTC-USD,
25/2/20,BTC-USD,41.21951143
26/2/20,BTC-USD,42.41964319
27/2/20,BTC-USD,26.1764707
28/2/20,BTC-USD,
29/2/20,BTC-USD,
1/3/20,BTC-USD,
2/3/20,BTC-USD,32.74509821
3/3/20,BTC-USD,
4/3/20,BTC-USD,
5/3/20,BTC-USD,16.66666667
6/3/20,BTC-USD,
7/3/20,BTC-USD,
8/3/20,BTC-USD,
9/3/20,BTC-USD,44.04761905
10/3/20,BTC-USD,
11/3/20,BTC-USD,
12/3/20,BTC-USD,38.79725032
13/3/20,BTC-USD,39.99990992
14/3/20,BTC-USD,
15/3/20,BTC-USD,
16/3/20,BTC-USD,26.1764707
17/3/20,BTC-USD,
18/3/20,BTC-USD,
19/3/20,BTC-USD,41.21951239
20/3/20,BTC-USD,41.21951143
21/3/20,BTC-USD,
22/3/20,BTC-USD,
23/3/20,BTC-USD,
24/3/20,BTC-USD,37.5607069
25/3/20,BTC-USD,49.75711892
26/3/20,BTC-USD,
27/3/20,BTC-USD,
28/3/20,BTC-USD,
29/3/20,BTC-USD,
30/3/20,BTC-USD,
31/3/20,BTC-USD,37.5607069
1/4/20,BTC-USD,
2/4/20,BTC-USD,
3/4/20,BTC-USD,32.74509738
4/4/20,BTC-USD,
5/4/20,BTC-USD,
6/4/20,BTC-USD,40.79166733
7/4/20,BTC-USD,
8/4/20,BTC-USD,
9/4/20,BTC-USD,
10/4/20,BTC-USD,
11/4/20,BTC-USD,
12/4/20,BTC-USD,
13/4/20,BTC-USD,26.77777791
14/4/20,BTC-USD,
15/4/20,BTC-USD,
16/4/20,BTC-USD,
17/4/20,BTC-USD,
18/4/20,BTC-USD,16.66666667
19/4/20,BTC-USD,
20/4/20,BTC-USD,32.74509738
21/4/20,BTC-USD,
22/4/20,BTC-USD,
23/4/20,BTC-USD,36.98230482
24/4/20,BTC-USD,37.5607069
25/4/20,BTC-USD,26.1764707
26/4/20,BTC-USD,26.1764707
27/4/20,BTC-USD,
28/4/20,BTC-USD,26.1764707
29/4/20,BTC-USD,
30/4/20,BTC-USD,
1/5/20,BTC-USD,44.19576744
2/5/20,BTC-USD,34.57142878
3/5/20,BTC-USD,
4/5/20,BTC-USD,34.57142878
5/5/20,BTC-USD,
6/5/20,BTC-USD,32.74509821
7/5/20,BTC-USD,45.90146623
8/5/20,BTC-USD,34.57142878
9/5/20,BTC-USD,
10/5/20,BTC-USD,
11/5/20,BTC-USD,40.35545321
12/5/20,BTC-USD,36.38273695
13/5/20,BTC-USD,
14/5/20,BTC-USD,45.60975626
15/5/20,BTC-USD,16.66666667
16/5/20,BTC-USD,
17/5/20,BTC-USD,44.04761905
18/5/20,BTC-USD,
19/5/20,BTC-USD,
20/5/20,BTC-USD,37.5607069
21/5/20,BTC-USD,37.5607069
22/5/20,BTC-USD,
23/5/20,BTC-USD,
24/5/20,BTC-USD,
25/5/20,BTC-USD,
26/5/20,BTC-USD,
27/5/20,BTC-USD,37.5607069
28/5/20,BTC-USD,
29/5/20,BTC-USD,16.66666667
30/5/20,BTC-USD,
31/5/20,BTC-USD,
1/6/20,BTC-USD,37.5607069
2/6/20,BTC-USD,38.1086903
3/6/20,BTC-USD,35.56785482
4/6/20,BTC-USD,26.77777791
5/6/20,BTC-USD,
6/6/20,BTC-USD,34.57142878
7/6/20,BTC-USD,
8/6/20,BTC-USD,37.5607069
9/6/20,BTC-USD,16.66666667
10/6/20,BTC-USD,49.04761915
11/6/20,BTC-USD,45.85185212
12/6/20,BTC-USD,50
13/6/20,BTC-USD,
14/6/20,BTC-USD,
15/6/20,BTC-USD,26.1764707
16/6/20,BTC-USD,
17/6/20,BTC-USD,32.74509821
18/6/20,BTC-USD,16.66666667
19/6/20,BTC-USD,
20/6/20,BTC-USD,
21/6/20,BTC-USD,
22/6/20,BTC-USD,
23/6/20,BTC-USD,
24/6/20,BTC-USD,
25/6/20,BTC-USD,
26/6/20,BTC-USD,
27/6/20,BTC-USD,
28/6/20,BTC-USD,
29/6/20,BTC-USD,32.74509738
30/6/20,BTC-USD,
1/7/20,BTC-USD,41.21951143
2/7/20,BTC-USD,41.21951143
3/7/20,BTC-USD,
4/7/20,BTC-USD,
5/7/20,BTC-USD,
6/7/20,BTC-USD,
7/7/20,BTC-USD,
8/7/20,BTC-USD,
9/7/20,BTC-USD,
10/7/20,BTC-USD,
11/7/20,BTC-USD,
12/7/20,BTC-USD,
13/7/20,BTC-USD,
14/7/20,BTC-USD,
15/7/20,BTC-USD,34.16196924
16/7/20,BTC-USD,37.17510523
17/7/20,BTC-USD,43.78596472
18/7/20,BTC-USD,48.99641577
19/7/20,BTC-USD,
20/7/20,BTC-USD,
21/7/20,BTC-USD,47.68383034
22/7/20,BTC-USD,41.21951143
23/7/20,BTC-USD,42.63356524
24/7/20,BTC-USD,
25/7/20,BTC-USD,
26/7/20,BTC-USD,26.77777791
27/7/20,BTC-USD,36.65013593
28/7/20,BTC-USD,16.66666667
29/7/20,BTC-USD,
30/7/20,BTC-USD,
31/7/20,BTC-USD,37.5607069
1/8/20,BTC-USD,
2/8/20,BTC-USD,41.21951239
3/8/20,BTC-USD,41.2405765
4/8/20,BTC-USD,55.95238095
5/8/20,BTC-USD,26.77777791
6/8/20,BTC-USD,
7/8/20,BTC-USD,46.51351396
8/8/20,BTC-USD,50.55396029
9/8/20,BTC-USD,
10/8/20,BTC-USD,16.66666667
11/8/20,BTC-USD,40.79166733
12/8/20,BTC-USD,49.74956821
13/8/20,BTC-USD,50
14/8/20,BTC-USD,
15/8/20,BTC-USD,42.16221397
16/8/20,BTC-USD,
17/8/20,BTC-USD,
18/8/20,BTC-USD,
19/8/20,BTC-USD,
20/8/20,BTC-USD,
21/8/20,BTC-USD,
22/8/20,BTC-USD,
23/8/20,BTC-USD,
24/8/20,BTC-USD,
25/8/20,BTC-USD,
26/8/20,BTC-USD,38.88888889
27/8/20,BTC-USD,16.66666667
28/8/20,BTC-USD,
29/8/20,BTC-USD,54.14814924
30/8/20,BTC-USD,54.14814924
31/8/20,BTC-USD,41.21951143
1/9/20,BTC-USD,26.1764707
2/9/20,BTC-USD,37.5607069
3/9/20,BTC-USD,27.2247475
4/9/20,BTC-USD,
5/9/20,BTC-USD,32.27312382
6/9/20,BTC-USD,16.66666667
7/9/20,BTC-USD,
8/9/20,BTC-USD,41.21951143
9/9/20,BTC-USD,
10/9/20,BTC-USD,
11/9/20,BTC-USD,
12/9/20,BTC-USD,
13/9/20,BTC-USD,
14/9/20,BTC-USD,
15/9/20,BTC-USD,
16/9/20,BTC-USD,44.04761905
17/9/20,BTC-USD,
18/9/20,BTC-USD,
19/9/20,BTC-USD,
20/9/20,BTC-USD,
21/9/20,BTC-USD,
22/9/20,BTC-USD,30.847222
23/9/20,BTC-USD,26.1764707
24/9/20,BTC-USD,
25/9/20,BTC-USD,41.21951143
26/9/20,BTC-USD,41.21951143
27/9/20,BTC-USD,
28/9/20,BTC-USD,
29/9/20,BTC-USD,
30/9/20,BTC-USD,
1/10/20,BTC-USD,41.21951239
2/10/20,BTC-USD,50
3/10/20,BTC-USD,41.21951239
4/10/20,BTC-USD,
5/10/20,BTC-USD,
6/10/20,BTC-USD,
7/10/20,BTC-USD,45.72767411
8/10/20,BTC-USD,34.23294385
9/10/20,BTC-USD,35.41269848
10/10/20,BTC-USD,
11/10/20,BTC-USD,46.2318845
12/10/20,BTC-USD,
13/10/20,BTC-USD,
14/10/20,BTC-USD,26.1764707
15/10/20,BTC-USD,
16/10/20,BTC-USD,
17/10/20,BTC-USD,
18/10/20,BTC-USD,
19/10/20,BTC-USD,41.21951239
20/10/20,BTC-USD,28.94308953
21/10/20,BTC-USD,41.36102621
22/10/20,BTC-USD,28.94308905
23/10/20,BTC-USD,
24/10/20,BTC-USD,16.66666667
25/10/20,BTC-USD,48.99641577
26/10/20,BTC-USD,
27/10/20,BTC-USD,32.74509821
28/10/20,BTC-USD,23.63134674
29/10/20,BTC-USD,26.1764707
30/10/20,BTC-USD,47.87958098
31/10/20,BTC-USD,47.87958098
1/11/20,BTC-USD,
2/11/20,BTC-USD,
3/11/20,BTC-USD,
4/11/20,BTC-USD,19.04411768
5/11/20,BTC-USD,31.98581583
6/11/20,BTC-USD,44.99975794
7/11/20,BTC-USD,
8/11/20,BTC-USD,
9/11/20,BTC-USD,41.21951239
10/11/20,BTC-USD,41.21951239
11/11/20,BTC-USD,
12/11/20,BTC-USD,
13/11/20,BTC-USD,33.22384446
14/11/20,BTC-USD,48.91472867
15/11/20,BTC-USD,
16/11/20,BTC-USD,37.89547058
17/11/20,BTC-USD,23.56789615
18/11/20,BTC-USD,29.40708965
19/11/20,BTC-USD,48.59213246
20/11/20,BTC-USD,48.38451978
21/11/20,BTC-USD,32.90266791
22/11/20,BTC-USD,33.16677136
23/11/20,BTC-USD,45.85185212
24/11/20,BTC-USD,36.21186848
25/11/20,BTC-USD,27.52777781
26/11/20,BTC-USD,34.07545891
27/11/20,BTC-USD,34.28571429
28/11/20,BTC-USD,
29/11/20,BTC-USD,
30/11/20,BTC-USD,33.73684858
1/12/20,BTC-USD,32.39025134
2/12/20,BTC-USD,40.80416297
3/12/20,BTC-USD,35.41269848
4/12/20,BTC-USD,43.62770589
5/12/20,BTC-USD,42.41964319
6/12/20,BTC-USD,36.2971098
7/12/20,BTC-USD,41.21951239
8/12/20,BTC-USD,49.75711892
9/12/20,BTC-USD,37.00757576
10/12/20,BTC-USD,47.04509455
11/12/20,BTC-USD,32.27312382
12/12/20,BTC-USD,41.21951239
13/12/20,BTC-USD,47.87958098
14/12/20,BTC-USD,16.66666667
15/12/20,BTC-USD,44.04761905
16/12/20,BTC-USD,38.25997174
17/12/20,BTC-USD,42.41303172
18/12/20,BTC-USD,41.00171373
19/12/20,BTC-USD,42.09849648
20/12/20,BTC-USD,33.83103715
21/12/20,BTC-USD,41.29603074
22/12/20,BTC-USD,
23/12/20,BTC-USD,30.35714286
24/12/20,BTC-USD,35.06460673
25/12/20,BTC-USD,29.7209104
26/12/20,BTC-USD,37.46497235
27/12/20,BTC-USD,38.89712393
28/12/20,BTC-USD,59.20833267
29/12/20,BTC-USD,35.7098479
30/12/20,BTC-USD,43.11916026
31/12/20,BTC-USD,40.02848